customer_id,first_name,last_name,email,phone,city,country
1000,Johnny,Ramos,angela62@example.net,(603)810-4615x939,Alexandraside,Brazil
1001,Felicia,Fields,katherinekim@example.com,001-835-308-4288,Port Luke,Italy
1002,Nicholas,Whitaker,hwright@example.net,494-586-3487x47936,Garciaburgh,Congo
1003,Matthew,White,carlagonzalez@example.net,+1-451-461-2891x1082,East Sean,Congo
1004,Arthur,Woodard,jefferyyoung@example.net,599.989.9429x038,New Christopherfurt,Ukraine
1005,Marc,Brown,lindahenry@example.org,001-522-538-3579x0842,West Jasmine,Lao People's Democratic Republic
1006,Alexander,Carr,martinezbrian@example.com,+1-992-721-9315,South Maria,San Marino
1007,Samantha,Miller,danielleenglish@example.net,271-293-2832,Aaronchester,Congo
1008,Veronica,Duncan,henryamy@example.org,591.609.0061,Weaverhaven,Gibraltar
1009,Kevin,Cook,anna85@example.org,+1-906-250-8203x954,Fitzgeraldmouth,China
1010,Jenna,Morris,russellcatherine@example.net,978.606.3312x5101,New Joshua,Somalia
1011,Rodney,Vasquez,sophia11@example.com,503.864.1341x64233,New Danielle,Malawi
1012,Matthew,Floyd,cmurray@example.org,001-630-365-2135x627,North Christinashire,Madagascar
1013,Bruce,Jennings,csanchez@example.com,7393275583,Julieville,Cote d'Ivoire
1014,Jennifer,Howard,delgadorichard@example.org,9655415377,Lake Theresa,Burundi
1015,Scott,Johnson,anthony41@example.org,779.336.9577,East Edwardchester,Djibouti
1016,Paula,Hurst,marissaduran@example.org,904.512.6963x59701,East Codyshire,Lao People's Democratic Republic
1017,Justin,Ortiz,xmitchell@example.com,+1-801-620-2001x850,Port Markberg,Barbados
1018,Christopher,Petty,jenningskim@example.net,405.693.9209,West Julieport,Namibia
1019,Danielle,Flynn,traci53@example.com,(736)431-4386,Williamsfort,Saint Pierre and Miquelon
1020,Crystal,Wallace,fwilkinson@example.org,(269)206-3554,North Karenland,Nicaragua
1021,Ricky,Nelson,smithscott@example.com,3512998094,West Franciscoland,Myanmar
1022,Matthew,Vasquez,michelle45@example.net,+1-264-673-0263x55233,Port Patrickborough,Netherlands
1023,Brett,Clark,huntsydney@example.org,471-949-1420x31519,East Christianborough,Dominican Republic
1024,Jose,Munoz,danderson@example.com,+1-872-405-8391x0341,Fordhaven,Anguilla
1025,Michelle,Jackson,jenny29@example.com,001-406-953-7930x735,Port Toddmouth,Vanuatu
1026,Devin,Flores,grosswillie@example.com,(261)232-2936,Port Tarachester,Peru
1027,Patricia,Lewis,robert74@example.net,+1-517-321-8596,Kirkmouth,Latvia
1028,John,Alvarez,kristinadkins@example.com,927-275-8957x5077,North Benjamin,Bouvet Island (Bouvetoya)
1029,Michelle,Rose,cobbkirsten@example.org,978.742.9875,Sheastad,Canada
1030,Christopher,Ortega,markbrown@example.com,(533)635-8978,Dillonberg,Tokelau
1031,Morgan,Oneal,ronaldacosta@example.net,617.609.9622,South Rose,Korea
1032,Jake,Mendez,pattonmaria@example.org,7968492966,North Bradyton,Guernsey
1033,Brianna,Chapman,martinjustin@example.net,001-292-796-4132x1904,New Lisastad,Moldova
1034,Mallory,Lewis,reyeskathleen@example.net,723-374-1419,West Gailfurt,Christmas Island
1035,Pamela,Green,richard02@example.net,(805)344-4847x770,Travisberg,Malawi
1036,Kristina,Brown,elizabeth01@example.org,(689)594-7467x6585,Christopherchester,Pitcairn Islands
1037,Ryan,Richardson,wsimmons@example.net,888-701-4289x699,East Melodyhaven,Guernsey
1038,Nicole,Cummings,zerickson@example.org,315-434-7784x7694,Rodriguezton,Spain
1039,Craig,Beard,hernandezjames@example.com,8052576324,Port Carolynbury,United States Minor Outlying Islands
1040,Amanda,Castro,christine84@example.org,898-505-6755x2901,Johnview,Niger
1041,Danielle,Burton,jellison@example.org,244.267.4564,West Brian,Switzerland
1042,David,Morrow,swilliams@example.com,001-740-813-9551x27186,Lisatown,Venezuela
1043,Matthew,Luna,suzanne55@example.org,296-810-8452x13662,Jasonhaven,Senegal
1044,Andrew,Kennedy,tina07@example.org,495-428-5171x0692,West Christopher,Mauritania
1045,Jeremy,Smith,thomasrodriguez@example.net,001-275-864-9428x8534,West Rebeccaton,Ecuador
1046,Timothy,Edwards,victoriaburke@example.net,385-679-6358x99533,Williamsborough,Djibouti
1047,Timothy,Johnson,douglas93@example.net,838-216-7696x716,New Stevenbury,Guinea
1048,Hannah,Kane,qortega@example.net,001-440-584-2444x2770,North Stacey,Georgia
1049,Heidi,Larson,awilliams@example.org,(859)460-3940x820,East Michelleview,Nigeria
1050,Donna,Flores,brandon33@example.com,976.874.2402x36669,Salinaston,American Samoa
1051,Thomas,Walker,ugreen@example.com,+1-289-540-1135,Port Manuel,Cote d'Ivoire
1052,Derek,Cole,cynthia34@example.net,207-658-3568,Millerchester,Mauritania
1053,Stephanie,Smith,chelsea47@example.com,827.566.1420,East Amandafort,Saint Kitts and Nevis
1054,Steve,Morris,anthonygonzalez@example.com,4357875886,Clarkmouth,Timor-Leste
1055,Victoria,Richardson,mary40@example.com,(623)487-5929x00588,Jaredfurt,Niue
1056,Kimberly,Pierce,saragilbert@example.net,983.954.4168x0635,Port Judyhaven,Chad
1057,Michelle,Hill,deborah92@example.net,471-498-9093,South Robertborough,Bouvet Island (Bouvetoya)
1058,Mark,Torres,mitchelldonna@example.net,(357)220-6024x527,Rossmouth,Central African Republic
1059,Brianna,Miller,robertscourtney@example.net,(604)209-9858x499,East Cynthia,Bermuda
1060,David,Williams,christina35@example.org,001-708-987-1442x58344,North Samanthastad,Tuvalu
1061,Darrell,Porter,gporter@example.net,+1-982-366-4113x3631,Sethville,Netherlands Antilles
1062,Christopher,Sanchez,lbarton@example.com,221.625.6503x631,Shawnview,Dominican Republic
1063,Tony,Howard,alvaradodillon@example.org,484-332-3386x5987,West Matthewborough,Hong Kong
1064,Kelli,Jones,tammywong@example.org,+1-697-763-8982,Parkerfort,Heard Island and McDonald Islands
1065,Janet,Kelley,travis95@example.com,001-585-523-3013x380,Garnerside,Grenada
1066,Cody,Prince,yrobinson@example.net,+1-860-241-6134x52247,Cynthiatown,Pakistan
1067,Calvin,Duncan,michael80@example.net,598-474-6739,South Rebecca,Philippines
1068,Nathaniel,Taylor,cwilliams@example.com,308-789-2704x1555,Port Jasonview,Micronesia
1069,Rachel,Perez,james51@example.com,(410)418-3406x125,Lake Jayberg,Guinea-Bissau
1070,Troy,Walker,whitejoe@example.org,(805)904-9096,East Lisastad,Cambodia
1071,Keith,Ellis,martinbrian@example.com,001-422-563-2178x5333,New John,Cape Verde
1072,Elizabeth,Shaw,martin71@example.net,988.729.5101,New Elizabethburgh,Singapore
1073,Catherine,Rodriguez,tammyshaw@example.org,6367995024,Fisherbury,Guadeloupe
1074,Samantha,Howard,cnelson@example.org,001-732-253-0817x9153,South Joshua,Isle of Man
1075,Carl,Vincent,ykaufman@example.org,604.882.5561,Lake Mariah,Spain
1076,Monica,Duran,williamperez@example.org,001-805-289-9726,West Richard,Belgium
1077,Calvin,Moses,jennalarson@example.net,209.590.0607x254,Nicholasburgh,Marshall Islands
1078,Wanda,Mason,wilkinsonsamantha@example.org,(403)697-0992,New Gloria,Turkmenistan
1079,Melissa,Ashley,scottkristina@example.net,665.708.8729,Port Arielland,Norway
1080,Richard,Wilkinson,cmartin@example.com,290-729-4789x951,New Denise,Pakistan
1081,Joseph,Meyers,charlesmorrow@example.com,874.585.2168x1610,Leonardview,American Samoa
1082,Nicole,Doyle,aallen@example.com,216.640.5781x73678,Juliamouth,Azerbaijan
1083,Jonathan,Ryan,evansmelanie@example.com,001-826-427-8936,Lake Katherine,Luxembourg
1084,Robin,Watkins,ppayne@example.net,+1-773-952-5560x252,Turnermouth,Grenada
1085,Michelle,Matthews,vpark@example.com,(416)377-1517x711,South Scott,Saint Vincent and the Grenadines
1086,Jeffrey,Pace,tmiller@example.org,5217690636,Larsenberg,Dominican Republic
1087,Cynthia,Moss,meghanwalters@example.org,529.539.8217,Lake Kathyberg,Saint Lucia
1088,Francisco,Richmond,rholt@example.com,663.840.1839x0173,Stevenburgh,Brunei Darussalam
1089,Rebecca,Roth,elliottgary@example.net,420-971-5712x024,Mindyborough,San Marino
1090,Craig,Davis,ejackson@example.com,733-202-6902,New Monica,Tanzania
1091,Brenda,Hood,mullinssusan@example.com,756.320.0057,West Erikaburgh,Central African Republic
1092,Andrew,Brady,oconnortracy@example.com,554-438-9300x173,Carrillobury,New Zealand
1093,Jessica,Miller,kathyroy@example.com,001-965-896-8330x1078,East Paulport,Hungary
1094,Tanya,Molina,nortonjessica@example.com,998-295-2275,Andreafurt,Taiwan
1095,Stephanie,Taylor,ihenderson@example.net,(734)337-8895x8663,Hamiltontown,Heard Island and McDonald Islands
1096,Leslie,Watts,qguzman@example.com,980-616-2528x219,Port Dorothy,Tokelau
1097,Timothy,Lawrence,christinemorales@example.org,516-308-6227,East Donna,Christmas Island
1098,Jason,Brown,robinburgess@example.com,+1-215-967-6779x901,Elizabethberg,Seychelles
1099,Sara,Jenkins,peter76@example.net,+1-980-723-6806x2601,South Evan,Sierra Leone
1100,Willie,Lee,nancyhernandez@example.net,(396)561-6891x1344,Lake David,Kazakhstan
1101,Brian,Sutton,whitneywhite@example.org,(912)899-3019,Michaelland,Liberia
1102,Megan,Fields,jerrytrevino@example.com,(418)897-9936x8047,Lake Richardbury,Costa Rica
1103,Eric,Armstrong,christina11@example.org,836.340.2369x2010,Lake Jennifershire,Tajikistan
1104,Steven,Jimenez,staceymejia@example.org,(528)932-5354,Jordanport,Montserrat
1105,David,Taylor,william58@example.net,394.263.6039,West Rachaelland,New Zealand
1106,Natasha,Hughes,andreawalker@example.org,747.682.8811x848,North Kellyton,Congo
1107,Wayne,Cruz,shannon86@example.org,323-687-6016x871,Martinezfort,Spain
1108,Paige,Delgado,bwalker@example.com,412.373.1088x288,Kristihaven,Macao
1109,Nicholas,Butler,stephen12@example.org,715-568-0484,South Robertfort,Brazil
1110,Donald,Davis,robertcarpenter@example.net,(624)909-9995x626,Brockmouth,Burkina Faso
1111,Jesse,Silva,jasmine27@example.com,875-972-4292,West Robert,Slovakia (Slovak Republic)
1112,Matthew,Waters,turnerkara@example.org,855.834.0446,Davistown,Guadeloupe
1113,Kevin,Armstrong,pmiddleton@example.org,001-671-941-6210x058,Carterchester,Luxembourg
1114,Robert,Guzman,pughstacy@example.com,611-213-8274x64905,Robinsonchester,Antigua and Barbuda
1115,Erin,Simmons,loripatrick@example.net,001-306-686-3932x3027,East Samuel,Lithuania
1116,Alexandra,Austin,hdavis@example.net,800.704.8286x4557,East Jonathan,Lithuania
1117,Joshua,Miller,vpaul@example.org,712.555.1052x90241,South Bradleybury,Iceland
1118,Wayne,Garza,walter17@example.org,+1-637-430-2692,West Christinatown,Norway
1119,Monica,Stewart,danielhernandez@example.org,(699)593-8735,New Saraport,Thailand
1120,Melissa,Jones,brucepowell@example.org,298.428.0408x700,East Timothy,Christmas Island
1121,Kristy,Brown,glucas@example.com,+1-318-780-0397,Garciaport,Antarctica (the territory South of 60 deg S)
1122,Calvin,Salazar,qduncan@example.org,656-577-5642,West Seanton,Mauritania
1123,John,Perez,franksusan@example.net,711-483-5024x6161,West Nicolehaven,Malaysia
1124,Tracy,Thompson,richard41@example.org,(243)954-9298x882,South Jodifurt,Oman
1125,Michelle,Graham,kkeller@example.org,001-562-334-0336x113,Burkeville,Wallis and Futuna
1126,Veronica,Fernandez,gfischer@example.org,+1-252-945-3993x163,Anthonyfort,Albania
1127,Mary,Gonzales,diazjoseph@example.org,(996)782-6402x4652,Amyland,Iran
1128,Lawrence,Martin,anita62@example.com,+1-738-487-9618,North Regina,Iceland
1129,Thomas,Newton,taylornathan@example.net,4034600104,Laneland,Somalia
1130,Robert,Davis,sara45@example.org,001-399-950-2397x85876,New Emily,Faroe Islands
1131,Caitlin,Perez,gsanchez@example.org,(434)793-3535,North Juan,Hungary
1132,Jonathan,Davies,ericbates@example.org,592-307-2429x27074,Moralesland,Norfolk Island
1133,Patricia,Jacobs,micheal88@example.com,(684)876-8818x6109,Morgantown,Gabon
1134,Heidi,Beck,rgreene@example.net,997.531.0995,New Nicholasberg,Liberia
1135,Devin,Allen,fburke@example.net,911.203.2174x6760,New Craigburgh,Palau
1136,Leslie,Johnson,hjohnson@example.net,+1-648-759-8867,South Leslie,Bolivia
1137,Michael,Castro,bprice@example.net,873-712-9656x438,South Amberville,Malawi
1138,Lisa,Sanchez,phughes@example.net,001-531-722-6304,Sarahside,United Arab Emirates
1139,Jose,Cortez,bmcdaniel@example.org,536.222.3398,East Veronica,United States of America
1140,Phillip,Cook,francopeter@example.org,+1-894-686-8284x7377,Lake Loganville,Palau
1141,Nicole,Morris,stephenhenderson@example.org,+1-506-908-9363x4158,Amandaview,Yemen
1142,Antonio,Rodriguez,ethomas@example.net,(674)534-6916x397,East Jessica,Saint Kitts and Nevis
1143,Willie,White,michellecabrera@example.org,7203026866,Josephville,Cambodia
1144,Jacob,Hendrix,jason43@example.net,(332)232-9601,Debramouth,Sweden
1145,Johnny,Hahn,alexander62@example.org,(206)491-2987x672,Wareport,Monaco
1146,Tracy,Ortiz,debra96@example.com,537.666.1499x859,Port Steveborough,Samoa
1147,Rita,Ferguson,susanrodriguez@example.net,(878)603-9757x30994,Port Kristamouth,Saint Barthelemy
1148,Mark,Campbell,martinezbrady@example.com,001-607-581-5029,East Micheleton,Jordan
1149,Amy,Daniels,edwardpage@example.org,+1-673-804-6505x1912,New Carlberg,Finland
